日期,股票代码,开盘,收盘,最高,最低,成交量,成交额,振幅,涨跌幅,涨跌额,换手率
2023-01-03,300750,204.59,203.27,204.9,198.87,104820,4056787273.0,2.94,-1.02,-2.1,0.53
2023-01-04,300750,201.53,200.15,201.81,199.06,196023,7527791631.0,1.35,-1.53,-3.12,0.94
2023-01-05,300750,202.36,213.2,214.68,200.7,260433,10371713857.0,6.98,6.52,13.05,1.24
2023-01-06,300750,212.36,218.29,222.91,211.29,183925,7641585134.0,5.45,2.39,5.09,0.88
2023-01-09,300750,221.74,218.25,221.74,216.81,128403,5373244035.0,2.26,-0.02,-0.04,0.61
2023-01-10,300750,218.84,226.81,228.47,216.42,182607,7781973489.0,5.52,3.92,8.56,0.87
2023-01-11,300750,225.97,224.51,229.03,222.36,122418,5252326720.0,2.94,-1.01,-2.3,0.59
2023-01-12,300750,226.81,227.64,230.57,225.52,111368,4837460192.0,2.25,1.39,3.13,0.53
2023-01-13,300750,233.47,230.97,238.21,225.7,207575,9140635813.0,5.5,1.46,3.33,0.99
2023-01-16,300750,230.42,234.94,236.53,228.54,168091,7451169294.0,3.46,1.72,3.97,0.8
2023-01-17,300750,235.1,234.37,237.85,233.26,98958,4416180657.0,1.95,-0.24,-0.57,0.47
2023-01-18,300750,235.98,235.97,237.3,232.98,73443,3292955688.0,1.84,0.68,1.6,0.35
2023-01-19,300750,234.21,235.01,237.64,232.47,73100,3254123919.0,2.19,-0.41,-0.96,0.35
2023-01-20,300750,235.01,237.92,238.03,233.62,107657,4841543970.0,1.88,1.24,2.91,0.51
2023-01-30,300750,253.12,248.28,259.34,246.51,211743,10102385367.0,5.39,4.35,10.36,1.01
2023-01-31,300750,247.85,245.25,252.09,243.72,139540,6565989151.0,3.37,-1.22,-3.03,0.67
2023-02-01,300750,248.47,251.7,253.12,248.19,115022,5464594493.0,2.01,2.63,6.45,0.55
2023-02-02,300750,252.85,245.75,253.31,245.07,134557,6339908128.0,3.27,-2.36,-5.95,0.64
2023-02-03,300750,244.59,240.25,245.81,237.57,120200,5495174744.0,3.35,-2.24,-5.5,0.57
2023-02-06,300750,237.92,237.14,238.76,231.86,107529,4811799061.0,2.87,-1.29,-3.11,0.51
2023-02-07,300750,237.08,235.75,238.92,233.84,72112,3231274189.0,2.14,-0.59,-1.39,0.34
2023-02-08,300750,236.59,235.26,238.72,234.03,73299,3293742443.0,1.99,-0.21,-0.49,0.35
2023-02-09,300750,235.26,238.47,240.14,232.09,80314,3627030215.0,3.42,1.36,3.21,0.38
2023-02-10,300750,238.47,234.56,239.96,234.04,83978,3773477538.0,2.48,-1.64,-3.91,0.4
2023-02-13,300750,237.35,242.36,243.24,235.15,134185,6143224997.0,3.45,3.33,7.8,0.64
2023-02-14,300750,247.36,237.39,247.53,234.47,128122,5816558282.0,5.39,-2.05,-4.97,0.61
2023-02-15,300750,238.53,236.03,240.7,235.7,77734,3508461573.0,2.11,-0.57,-1.36,0.37
2023-02-16,300750,237.91,233.03,239.31,230.14,100911,4514542232.0,3.89,-1.27,-3.0,0.48
2023-02-17,300750,232.36,220.25,232.36,220.14,214696,9171648847.0,5.24,-5.48,-12.78,1.03
2023-02-20,300750,217.92,220.4,221.19,212.55,168299,6992852566.0,3.92,0.07,0.15,0.8
2023-02-21,300750,218.74,217.37,221.52,215.7,131846,5490561030.0,2.64,-1.37,-3.03,0.63
2023-02-22,300750,214.03,214.29,216.86,212.74,123639,5069312343.0,1.9,-1.42,-3.08,0.59
2023-02-23,300750,214.59,216.38,217.44,213.14,95373,3922375682.0,2.01,0.98,2.09,0.46
2023-02-24,300750,215.14,212.03,215.59,211.26,99894,4060495069.0,2.0,-2.01,-4.35,0.48
2023-02-27,300750,210.55,209.64,212.07,209.09,92206,3705001333.0,1.41,-1.13,-2.39,0.44
2023-02-28,300750,211.25,211.2,213.64,209.86,93231,3769996772.0,1.8,0.74,1.56,0.45
2023-03-01,300750,210.75,215.57,216.91,210.71,126020,5166296897.0,2.94,2.07,4.37,0.6
2023-03-02,300750,214.31,209.47,215.14,206.92,161453,6483446930.0,3.81,-2.83,-6.1,0.77
2023-03-03,300750,210.31,210.32,212.2,209.03,82031,3300669920.0,1.51,0.41,0.85,0.39
2023-03-06,300750,210.24,213.71,213.96,204.59,166267,6674565924.0,4.46,1.61,3.39,0.79
2023-03-07,300750,211.25,210.25,214.02,210.05,99184,4014218858.0,1.86,-1.62,-3.46,0.47
2023-03-08,300750,209.04,207.77,210.66,206.31,81294,3231604462.0,2.07,-1.18,-2.48,0.39
2023-03-09,300750,206.92,207.37,209.74,202.5,81367,3228769655.0,3.48,-0.19,-0.4,0.39
2023-03-10,300750,209.97,212.25,214.55,206.75,191426,7722447890.0,3.76,2.35,4.88,0.89
2023-03-13,300750,210.71,204.59,212.73,203.47,188332,7424578060.0,4.36,-3.61,-7.66,0.87
2023-03-14,300750,203.96,201.94,204.03,196.81,184847,7095007800.0,3.53,-1.3,-2.65,0.86
2023-03-15,300750,205.14,202.36,206.66,199.93,129683,5046344791.0,3.33,0.21,0.42,0.6
2023-03-16,300750,200.14,200.76,203.42,199.86,101132,3897781767.0,1.76,-0.79,-1.6,0.47
2023-03-17,300750,202.92,195.69,203.47,195.42,201447,7641555518.0,4.01,-2.53,-5.07,0.93
2023-03-20,300750,194.89,197.89,200.47,191.25,158370,6002000932.0,4.71,1.12,2.2,0.73
2023-03-21,300750,199.14,205.57,205.8,197.2,172924,6720740862.0,4.35,3.88,7.68,0.8
2023-03-22,300750,208.33,208.59,213.84,207.37,176872,7125770900.0,3.15,1.47,3.02,0.82
2023-03-23,300750,207.92,208.13,210.1,205.94,100289,3981184717.0,1.99,-0.22,-0.46,0.46
2023-03-24,300750,208.14,205.46,210.29,203.47,117653,4645723682.0,3.28,-1.28,-2.67,0.55
2023-03-27,300750,204.09,207.09,208.25,200.37,161157,6311744702.0,3.84,0.79,1.63,0.75
2023-03-28,300750,205.7,204.92,206.91,203.59,75906,2976678086.0,1.6,-1.05,-2.17,0.35
2023-03-29,300750,206.37,209.13,211.41,205.16,137546,5508159641.0,3.05,2.05,4.21,0.64
2023-03-30,300750,209.58,209.09,210.14,207.56,86819,3465633464.0,1.23,-0.02,-0.04,0.4
2023-03-31,300750,211.53,212.39,217.35,211.53,196076,8033742420.0,2.78,1.58,3.3,0.91
2023-04-03,300750,212.42,208.31,212.81,206.81,167632,6698371580.0,2.82,-1.92,-4.08,0.78
2023-04-04,300750,209.02,202.36,209.02,198.92,200897,7782699958.0,4.85,-2.86,-5.95,0.93
2023-04-06,300750,200.14,202.37,203.22,198.0,105816,4064823971.0,2.58,0.0,0.01,0.49
2023-04-07,300750,201.34,203.76,205.7,200.34,100581,3923098225.0,2.65,0.69,1.39,0.47
2023-04-10,300750,205.64,210.15,210.2,202.36,172379,6844475287.0,3.85,3.14,6.39,0.8
2023-04-11,300750,209.04,209.0,214.51,207.92,143663,5785418237.0,3.14,-0.55,-1.15,0.67
2023-04-12,300750,209.03,204.59,209.03,204.59,87367,3443470020.0,2.12,-2.11,-4.41,0.41
2023-04-13,300750,203.47,202.51,204.23,200.7,100464,3896072549.0,1.73,-1.02,-2.08,0.47
2023-04-14,300750,202.31,207.52,210.35,202.09,159237,6337229777.0,4.08,2.47,5.01,0.74
2023-04-17,300750,206.99,213.41,214.59,206.7,176632,7173869978.0,3.8,2.84,5.89,0.82
2023-04-18,300750,213.41,214.03,219.03,213.08,140605,5793046443.0,2.79,0.29,0.62,0.65
2023-04-19,300750,217.09,214.79,217.27,212.36,116224,4770263894.0,2.29,0.36,0.76,0.54
2023-04-20,300750,214.75,206.81,214.75,206.81,158438,6335888038.0,3.7,-3.72,-7.98,0.73
2023-04-21,300750,211.53,211.8,217.32,208.47,252760,10288953392.0,4.28,2.41,4.99,1.17
2023-04-24,300750,211.86,207.3,212.36,205.07,173774,6922771298.0,3.44,-2.12,-4.5,0.81
2023-04-25,300750,207.92,201.2,207.92,197.92,168989,6532955961.0,4.82,-2.94,-6.1,0.78
2023-04-26,300750,201.21,212.71,216.16,198.22,397075,8801110231.0,8.92,5.72,11.51,1.02
2023-04-27,300750,212.21,219.21,220.69,210.52,339691,7764148296.0,4.78,3.06,6.5,0.87
2023-04-28,300750,222.21,219.06,225.54,215.1,271048,6269727389.0,4.76,-0.07,-0.15,0.7
2023-05-04,300750,219.21,213.73,220.71,212.76,194091,4416464194.0,3.63,-2.43,-5.33,0.5
2023-05-05,300750,213.21,215.21,218.21,211.93,167409,3793534213.0,2.94,0.69,1.48,0.43
2023-05-08,300750,218.21,219.02,222.0,214.27,227531,5237667345.0,3.59,1.77,3.81,0.59
2023-05-09,300750,218.59,214.04,218.59,212.26,196538,4447695097.0,2.89,-2.27,-4.98,0.51
2023-05-10,300750,214.01,220.73,222.46,209.42,289568,6637247354.0,6.09,3.13,6.69,0.75
2023-05-11,300750,220.76,228.61,231.19,219.41,347474,8292776226.0,5.34,3.57,7.88,0.89
2023-05-12,300750,230.2,226.19,232.77,226.19,223100,5363787910.0,2.88,-1.06,-2.42,0.57
2023-05-15,300750,229.22,226.5,232.21,223.31,267065,6408351582.0,3.93,0.14,0.31,0.69
2023-05-16,300750,226.61,227.21,229.18,224.98,139740,3336944402.0,1.85,0.31,0.71,0.36
2023-05-17,300750,227.21,228.21,229.89,224.27,182464,4350981986.0,2.47,0.44,1.0,0.47
2023-05-18,300750,229.51,220.61,229.58,219.25,241239,5653225268.0,4.53,-3.33,-7.6,0.62
2023-05-19,300750,219.96,218.21,222.39,218.21,194722,4503095902.0,1.89,-1.09,-2.4,0.5
2023-05-22,300750,217.21,218.51,220.71,215.21,146791,3373155581.0,2.52,0.14,0.3,0.38
2023-05-23,300750,219.09,213.63,219.92,213.36,196132,4466450818.0,3.0,-2.23,-4.88,0.51
2023-05-24,300750,213.01,213.46,216.72,211.93,147857,3347225922.0,2.24,-0.08,-0.17,0.38
2023-05-25,300750,213.06,212.3,215.89,210.7,137533,3096261721.0,2.43,-0.54,-1.16,0.35
2023-05-26,300750,212.41,208.21,212.71,205.71,182117,4001016009.0,3.3,-1.93,-4.09,0.47
2023-05-29,300750,210.41,205.27,210.43,203.81,165372,3599743503.0,3.18,-1.41,-2.94,0.43
2023-05-30,300750,205.21,213.2,213.2,204.22,264671,5890767209.0,4.37,3.86,7.93,0.68
2023-05-31,300750,213.26,209.38,215.1,208.37,188697,4194067555.0,3.16,-1.79,-3.82,0.49
2023-06-01,300750,210.85,211.11,216.21,209.72,159410,3583431678.0,3.1,0.83,1.73,0.41
2023-06-02,300750,213.11,216.65,218.2,212.21,231815,5283702827.0,2.84,2.62,5.54,0.6
2023-06-05,300750,214.11,208.01,214.11,204.6,335951,7357059963.0,4.39,-3.99,-8.64,0.87
2023-06-06,300750,206.22,207.49,210.51,205.19,172425,3782524816.0,2.56,-0.25,-0.52,0.44
2023-06-07,300750,204.59,195.51,204.71,192.66,500939,10438080444.0,5.81,-5.77,-11.98,1.29
2023-06-08,300750,200.96,196.22,201.51,195.21,238579,5007821210.0,3.22,0.36,0.71,0.61
2023-06-09,300750,196.76,200.25,201.34,196.76,242617,5126984497.0,2.33,2.05,4.03,0.62
2023-06-12,300750,200.16,200.16,202.21,197.11,181316,3835654848.0,2.55,-0.04,-0.09,0.47
2023-06-13,300750,199.22,201.31,202.14,198.89,132437,2813381281.0,1.62,0.57,1.15,0.34
2023-06-14,300750,205.36,201.61,205.84,201.21,163629,3508630636.0,2.3,0.15,0.3,0.42
2023-06-15,300750,203.2,219.09,219.09,203.1,504957,11301760757.0,7.93,8.67,17.48,1.3
2023-06-16,300750,220.21,219.31,222.38,216.51,296398,6849470339.0,2.68,0.1,0.22,0.76
2023-06-19,300750,221.2,216.09,221.2,214.21,187071,4271126762.0,3.19,-1.47,-3.22,0.48
2023-06-20,300750,216.08,216.21,219.52,213.98,179605,4094614886.0,2.56,0.06,0.12,0.46
2023-06-21,300750,217.02,213.12,218.71,213.11,171184,3897370633.0,2.59,-1.43,-3.09,0.44
2023-06-26,300750,208.12,213.38,215.16,207.89,159106,3564403987.0,3.41,0.12,0.26,0.41
2023-06-27,300750,212.19,211.68,214.51,209.39,134206,2996519806.0,2.4,-0.8,-1.7,0.35
2023-06-28,300750,210.43,212.71,214.71,210.21,135586,3044798943.0,2.13,0.49,1.03,0.35
2023-06-29,300750,211.72,210.71,215.12,210.71,99302,2228285745.0,2.07,-0.94,-2.0,0.26
2023-06-30,300750,212.2,217.0,218.2,208.56,215515,4901528280.0,4.58,2.99,6.29,0.56
2023-07-03,300750,220.16,218.09,222.16,216.76,155544,3592766609.0,2.49,0.5,1.09,0.4
2023-07-04,300750,216.71,217.46,218.26,215.89,101557,2322971861.0,1.09,-0.29,-0.63,0.26
2023-07-05,300750,217.47,215.72,218.62,213.71,86364,1968738616.0,2.26,-0.8,-1.74,0.22
2023-07-06,300750,215.21,213.06,216.69,212.18,102836,2323630148.0,2.09,-1.23,-2.66,0.26
2023-07-07,300750,213.01,210.46,213.06,209.81,98084,2186457550.0,1.53,-1.22,-2.6,0.25
2023-07-10,300750,211.21,217.01,218.21,211.21,160938,3674535624.0,3.33,3.11,6.55,0.41
2023-07-11,300750,217.86,217.3,218.2,214.79,91588,2094183189.0,1.57,0.13,0.29,0.24
2023-07-12,300750,216.71,215.2,217.61,214.71,86933,1976029055.0,1.33,-0.97,-2.1,0.22
2023-07-13,300750,216.42,218.21,223.21,216.42,222577,5166809845.0,3.16,1.4,3.01,0.57
2023-07-14,300750,218.36,216.49,219.14,214.76,130041,2971007805.0,2.01,-0.79,-1.72,0.33
2023-07-17,300750,215.22,213.86,216.21,211.81,104525,2354412853.0,2.03,-1.21,-2.63,0.27
2023-07-18,300750,216.01,213.71,216.09,212.71,85758,1934097473.0,1.58,-0.07,-0.15,0.22
2023-07-19,300750,212.21,207.71,213.16,206.79,176002,3880774172.0,2.98,-2.81,-6.0,0.45
2023-07-20,300750,207.21,209.26,214.9,207.21,144416,3226693428.0,3.7,0.75,1.55,0.37
2023-07-21,300750,209.06,209.8,211.19,207.97,83935,1858027959.0,1.54,0.26,0.54,0.22
2023-07-24,300750,205.36,207.19,209.09,202.35,137193,2990356786.0,3.21,-1.24,-2.61,0.35
2023-07-25,300750,213.11,214.56,215.85,209.23,192862,4336672443.0,3.2,3.56,7.37,0.5
2023-07-26,300750,213.33,214.87,215.21,211.87,154568,3484702635.0,1.56,0.14,0.31,0.4
2023-07-27,300750,219.21,215.19,221.09,215.09,208592,4786800627.0,2.79,0.15,0.32,0.54
2023-07-28,300750,215.19,218.26,219.21,213.26,188031,4304001295.0,2.76,1.43,3.07,0.48
2023-07-31,300750,222.21,225.96,227.71,221.31,299028,7103701374.0,2.93,3.53,7.7,0.77
2023-08-01,300750,225.61,223.71,227.31,222.71,156152,3695389756.0,2.04,-1.0,-2.25,0.4
2023-08-02,300750,225.21,224.71,227.7,223.71,141472,3350493844.0,1.78,0.45,1.0,0.36
2023-08-03,300750,224.21,227.35,228.18,223.74,161805,3859823088.0,1.98,1.17,2.64,0.42
2023-08-04,300750,233.21,233.72,238.17,229.32,315697,7737835221.0,3.89,2.8,6.37,0.81
2023-08-07,300750,232.71,234.7,235.15,231.52,149277,3665507786.0,1.55,0.42,0.98,0.38
2023-08-08,300750,234.19,235.35,237.54,233.09,150667,3733050028.0,1.9,0.28,0.65,0.39
2023-08-09,300750,233.71,235.21,235.89,231.35,116847,2873152335.0,1.93,-0.06,-0.14,0.3
2023-08-10,300750,236.11,234.71,239.54,232.33,140410,3469375410.0,3.07,-0.21,-0.5,0.36
2023-08-11,300750,237.16,229.71,237.16,229.71,172041,4212036439.0,3.17,-2.13,-5.0,0.44
2023-08-14,300750,227.41,221.11,228.19,218.42,256932,6000203547.0,4.25,-3.74,-8.6,0.66
2023-08-15,300750,221.09,219.51,222.81,217.61,146101,3378905588.0,2.35,-0.72,-1.6,0.38
2023-08-16,300750,219.73,220.81,222.59,218.32,140090,3263663519.0,1.95,0.59,1.3,0.36
2023-08-17,300750,223.2,223.46,224.71,217.09,204428,4767790092.0,3.45,1.2,2.65,0.53
2023-08-18,300750,223.5,224.08,227.33,222.63,167700,3977909566.0,2.1,0.28,0.62,0.43
2023-08-21,300750,222.2,221.17,224.08,220.41,107804,2524111214.0,1.64,-1.3,-2.91,0.28
2023-08-22,300750,223.01,218.96,223.39,215.72,151889,3507619500.0,3.47,-1.0,-2.21,0.39
2023-08-23,300750,218.91,215.71,220.11,215.21,118749,2721026997.0,2.24,-1.48,-3.25,0.31
2023-08-24,300750,217.09,217.16,219.75,214.71,141577,3254958699.0,2.34,0.67,1.45,0.36
2023-08-25,300750,216.14,216.55,218.18,214.02,111851,2549494197.0,1.92,-0.28,-0.61,0.29
2023-08-28,300750,229.71,218.71,232.17,217.71,223115,5230083379.0,6.68,1.0,2.16,0.57
2023-08-29,300750,219.41,226.71,231.21,219.13,291750,6966379985.0,5.52,3.66,8.0,0.75
2023-08-30,300750,227.61,225.71,230.21,225.71,145916,3492477897.0,1.98,-0.44,-1.0,0.38
2023-08-31,300750,225.31,224.76,226.71,224.34,96715,2294576162.0,1.05,-0.42,-0.95,0.25
2023-09-01,300750,224.81,224.61,227.72,222.81,91011,2157778480.0,2.18,-0.07,-0.15,0.23
2023-09-04,300750,226.42,225.86,226.97,221.61,140524,3327817522.0,2.39,0.56,1.25,0.36
2023-09-05,300750,225.21,225.03,227.71,224.37,115817,2752197345.0,1.48,-0.37,-0.83,0.3
2023-09-06,300750,224.26,222.63,225.38,221.01,124748,2921536581.0,1.94,-1.07,-2.4,0.32
2023-09-07,300750,221.21,214.72,221.96,214.72,192661,4405103044.0,3.25,-3.55,-7.91,0.5
2023-09-08,300750,213.21,211.15,215.41,208.71,164994,3670618814.0,3.12,-1.66,-3.57,0.42
2023-09-11,300750,211.11,209.74,211.76,207.89,170609,3774798958.0,1.83,-0.67,-1.41,0.44
2023-09-12,300750,210.21,206.14,210.62,205.75,182312,3994776422.0,2.32,-1.72,-3.6,0.47
2023-09-13,300750,205.21,204.81,207.36,203.24,151357,3278699755.0,2.0,-0.65,-1.33,0.39
2023-09-14,300750,201.89,203.14,204.51,201.24,182941,3919045406.0,1.6,-0.82,-1.67,0.47
2023-09-15,300750,200.21,195.97,202.21,194.81,336800,7033151411.0,3.64,-3.53,-7.17,0.87
2023-09-18,300750,194.21,201.27,202.9,194.21,265935,5645065103.0,4.43,2.7,5.3,0.68
2023-09-19,300750,201.27,200.53,201.69,198.81,150244,3183848137.0,1.43,-0.37,-0.74,0.39
2023-09-20,300750,201.21,198.11,201.54,196.89,130875,2750166643.0,2.32,-1.21,-2.42,0.34
2023-09-21,300750,198.22,194.94,199.16,194.88,162149,3368171869.0,2.16,-1.6,-3.17,0.42
2023-09-22,300750,193.71,199.14,199.66,193.71,225091,4696859644.0,3.05,2.15,4.2,0.58
2023-09-25,300750,201.23,197.49,201.83,196.92,136054,2864421900.0,2.47,-0.83,-1.65,0.35
2023-09-26,300750,194.88,192.71,195.56,191.71,202538,4150919714.0,1.95,-2.42,-4.78,0.52
2023-09-27,300750,194.51,191.87,196.7,190.66,218490,4470658972.0,3.13,-0.44,-0.84,0.56
2023-09-28,300750,192.21,191.24,194.71,190.79,158095,3223265861.0,2.04,-0.33,-0.63,0.41
2023-10-09,300750,189.21,183.71,189.49,181.21,337428,6617775154.0,4.33,-3.94,-7.53,0.87
2023-10-10,300750,186.09,182.93,186.21,182.93,198655,3895932691.0,1.79,-0.42,-0.78,0.51
2023-10-11,300750,186.08,182.98,186.81,182.31,202482,3964353022.0,2.46,0.03,0.05,0.52
2023-10-12,300750,183.22,184.15,186.01,182.21,242059,4744179131.0,2.08,0.64,1.17,0.62
2023-10-13,300750,182.06,178.81,183.04,177.81,284222,5429864563.0,2.84,-2.9,-5.34,0.73
2023-10-16,300750,178.55,172.97,178.74,172.12,246836,4603170882.0,3.7,-3.27,-5.84,0.63
2023-10-17,300750,173.72,173.65,177.51,172.78,215583,4027297387.0,2.73,0.39,0.68,0.55
2023-10-18,300750,173.31,174.51,176.46,171.81,176519,3284047971.0,2.68,0.5,0.86,0.45
2023-10-19,300750,172.62,170.91,173.89,170.49,174542,3209465700.0,1.95,-2.06,-3.6,0.45
2023-10-20,300750,167.21,169.21,175.9,167.21,300269,5478351217.0,5.08,-0.99,-1.7,0.77
2023-10-23,300750,168.51,165.47,168.51,164.01,202233,3597554198.0,2.66,-2.21,-3.74,0.52
2023-10-24,300750,166.21,164.63,167.41,163.51,243795,4310104361.0,2.36,-0.51,-0.84,0.63
2023-10-25,300750,166.41,164.19,167.71,163.89,215342,3818928277.0,2.32,-0.27,-0.44,0.55
2023-10-26,300750,162.21,166.28,166.51,157.02,414206,7175542946.0,5.78,1.27,2.09,1.06
2023-10-27,300750,166.06,172.93,174.09,164.23,477953,8729936697.0,5.93,4.0,6.65,1.23
2023-10-30,300750,175.21,176.23,178.09,173.01,322595,6050993028.0,2.94,1.91,3.3,0.83
2023-10-31,300750,174.89,173.81,175.43,172.81,181525,3369355372.0,1.49,-1.37,-2.42,0.47
2023-11-01,300750,174.0,175.75,178.51,172.71,197273,3695120175.0,3.34,1.12,1.94,0.51
2023-11-02,300750,176.71,173.78,178.09,173.78,137627,2577685558.0,2.45,-1.12,-1.97,0.35
2023-11-03,300750,174.21,175.65,176.89,172.81,143655,2683301612.0,2.35,1.08,1.87,0.37
2023-11-06,300750,176.78,185.29,185.31,176.66,349684,6798069246.0,4.92,5.49,9.64,0.9
2023-11-07,300750,184.2,179.45,184.32,178.33,260803,5008846046.0,3.23,-3.15,-5.84,0.67
2023-11-08,300750,178.39,180.05,181.15,178.21,146522,2809047604.0,1.64,0.33,0.6,0.38
2023-11-09,300750,178.84,179.66,180.79,178.74,109971,2104229338.0,1.14,-0.22,-0.39,0.28
2023-11-10,300750,177.21,177.24,178.18,176.26,116100,2189830819.0,1.07,-1.35,-2.42,0.3
2023-11-13,300750,180.21,176.06,180.41,175.23,125196,2362258976.0,2.92,-0.67,-1.18,0.32
2023-11-14,300750,176.06,171.89,177.01,171.21,234883,4346598777.0,3.29,-2.37,-4.17,0.6
2023-11-15,300750,175.1,172.69,176.8,171.79,238072,4423251194.0,2.91,0.47,0.8,0.61
2023-11-16,300750,173.69,169.36,173.7,168.31,174662,3180032494.0,3.12,-1.93,-3.33,0.45
2023-11-17,300750,168.06,168.94,169.46,167.7,110840,2000359414.0,1.04,-0.25,-0.42,0.28
2023-11-20,300750,168.95,168.51,170.01,167.22,124087,2235037632.0,1.65,-0.25,-0.43,0.32
2023-11-21,300750,170.21,168.82,172.21,168.22,197662,3601130909.0,2.37,0.18,0.31,0.51
2023-11-22,300750,167.76,165.21,169.51,165.21,186886,3332638164.0,2.55,-2.14,-3.61,0.48
2023-11-23,300750,164.22,165.91,165.91,163.1,157203,2771265524.0,1.7,0.42,0.7,0.4
2023-11-24,300750,165.24,163.21,166.41,162.71,166212,2918741661.0,2.23,-1.63,-2.7,0.43
2023-11-27,300750,162.5,158.91,162.71,158.81,184220,3161041987.0,2.39,-2.63,-4.3,0.47
2023-11-28,300750,158.24,160.13,160.18,157.08,202107,3443539749.0,1.95,0.77,1.22,0.52
2023-11-29,300750,159.21,155.06,159.59,154.58,251885,4235346582.0,3.13,-3.17,-5.07,0.65
2023-11-30,300750,153.43,155.21,156.87,152.7,230272,3834512348.0,2.69,0.1,0.15,0.59
2023-12-01,300750,155.5,153.71,155.91,152.64,169622,2816101715.0,2.11,-0.97,-1.5,0.44
2023-12-04,300750,151.71,149.86,152.65,149.45,239304,3892529224.0,2.08,-2.5,-3.85,0.61
2023-12-05,300750,148.36,147.02,150.58,146.86,248077,3978910664.0,2.48,-1.9,-2.84,0.64
2023-12-06,300750,146.86,151.09,155.07,146.43,367693,6024339619.0,5.88,2.77,4.07,0.94
2023-12-07,300750,150.21,152.7,154.57,149.81,269084,4410841808.0,3.15,1.07,1.61,0.69
2023-12-08,300750,153.21,151.8,154.54,151.33,245020,4030383346.0,2.1,-0.59,-0.9,0.63
2023-12-11,300750,150.22,153.56,153.9,148.37,214896,3497265739.0,3.64,1.16,1.76,0.55
2023-12-12,300750,152.21,151.84,153.43,151.19,147339,2415527908.0,1.46,-1.12,-1.72,0.38
2023-12-13,300750,150.76,147.56,151.8,146.92,252594,4045085653.0,3.21,-2.82,-4.28,0.65
2023-12-14,300750,149.09,144.84,149.7,144.65,227514,3596263195.0,3.42,-1.84,-2.72,0.58
2023-12-15,300750,145.41,143.21,146.89,142.81,202046,3158101585.0,2.82,-1.13,-1.63,0.52
2023-12-18,300750,141.32,135.18,141.9,134.49,429129,6398809829.0,5.17,-5.61,-8.03,1.1
2023-12-19,300750,134.52,137.21,138.19,134.48,251852,3734066912.0,2.74,1.5,2.03,0.65
2023-12-20,300750,137.41,136.66,139.41,136.53,212494,3174602188.0,2.1,-0.4,-0.55,0.55
2023-12-21,300750,135.78,142.6,143.54,135.78,421315,6433383992.0,5.68,4.35,5.94,1.08
2023-12-22,300750,141.71,144.5,146.62,140.41,280321,4359921761.0,4.35,1.33,1.9,0.72
2023-12-25,300750,143.71,145.75,146.09,143.01,130056,2036117775.0,2.13,0.87,1.25,0.33
2023-12-26,300750,145.18,144.34,145.71,142.95,127673,1994477782.0,1.89,-0.97,-1.41,0.33
2023-12-27,300750,145.74,142.54,146.21,142.08,173565,2686313989.0,2.86,-1.25,-1.8,0.45
2023-12-28,300750,142.43,151.2,151.37,141.78,378502,6079407754.0,6.73,6.08,8.66,0.97
2023-12-29,300750,152.19,151.47,153.21,150.21,226838,3707101874.0,1.98,0.18,0.27,0.58
2024-01-02,300750,150.43,145.04,150.74,144.83,214033,3390080350.0,3.9,-4.25,-6.43,0.55
2024-01-03,300750,144.31,144.01,145.49,142.61,197576,3070016674.0,1.99,-0.71,-1.03,0.51
2024-01-04,300750,143.71,139.41,143.93,137.98,272418,4114835334.0,4.13,-3.19,-4.6,0.7
2024-01-05,300750,139.2,139.11,142.94,137.7,210353,3195235676.0,3.76,-0.22,-0.3,0.54
2024-01-08,300750,138.41,138.21,141.6,137.29,193854,2926528361.0,3.1,-0.65,-0.9,0.5
2024-01-09,300750,138.17,136.91,139.58,133.96,233916,3473507460.0,4.07,-0.94,-1.3,0.6
2024-01-10,300750,135.15,138.87,141.32,134.76,232120,3500326619.0,4.79,1.43,1.96,0.6
2024-01-11,300750,138.87,143.03,145.98,136.72,328018,5037065544.0,6.67,3.0,4.16,0.84
2024-01-12,300750,142.21,142.84,145.54,140.41,254622,3943737150.0,3.59,-0.13,-0.19,0.65
2024-01-15,300750,141.71,139.91,141.91,137.56,172722,2618158007.0,3.05,-2.05,-2.93,0.44
2024-01-16,300750,139.87,145.16,145.46,138.77,284693,4421625828.0,4.78,3.75,5.25,0.73
2024-01-17,300750,145.07,140.45,145.07,139.96,217615,3343384131.0,3.52,-3.24,-4.71,0.56
2024-01-18,300750,138.31,142.82,143.41,138.22,307788,4688436698.0,3.7,1.69,2.37,0.79
2024-01-19,300750,142.01,143.11,146.1,141.61,265949,4136034233.0,3.14,0.2,0.29,0.68
2024-01-22,300750,141.71,143.87,148.16,138.86,404888,6323471152.0,6.5,0.53,0.76,1.04
2024-01-23,300750,143.21,142.12,147.01,141.4,323059,5033058276.0,3.9,-1.22,-1.75,0.83
2024-01-24,300750,142.71,141.69,143.2,137.72,248710,3776131708.0,3.86,-0.3,-0.43,0.64
2024-01-25,300750,140.21,143.21,143.31,137.92,294796,4503492567.0,3.8,1.07,1.52,0.76
2024-01-26,300750,140.71,138.21,142.69,138.21,271813,4118576147.0,3.13,-3.49,-5.0,0.7
2024-01-29,300750,137.65,135.23,138.99,135.23,217675,3235910042.0,2.72,-2.16,-2.98,0.56
2024-01-30,300750,133.71,128.96,135.65,128.61,327274,4680164654.0,5.21,-4.64,-6.27,0.84
2024-01-31,300750,133.21,139.8,141.17,132.21,595221,8943013792.0,6.95,8.41,10.84,1.53
2024-02-01,300750,139.79,137.23,140.73,136.79,279688,4197978843.0,2.82,-1.84,-2.57,0.72
2024-02-02,300750,136.21,134.21,137.21,131.58,307060,4494266567.0,4.1,-2.2,-3.02,0.79
2024-02-05,300750,130.82,140.15,142.71,130.51,471326,7035622773.0,9.09,4.43,5.94,1.21
2024-02-06,300750,139.4,146.54,147.47,139.03,437459,6828296924.0,6.02,4.56,6.39,1.12
2024-02-07,300750,146.21,147.81,148.0,144.21,366070,5800699416.0,2.59,0.87,1.27,0.94
2024-02-08,300750,147.71,151.05,153.21,147.09,309012,5016344779.0,4.14,2.19,3.24,0.79
2024-02-19,300750,153.17,148.3,153.17,147.3,270925,4355156562.0,3.89,-1.82,-2.75,0.7
2024-02-20,300750,150.09,146.54,150.09,144.28,221948,3506366283.0,3.92,-1.19,-1.76,0.57
2024-02-21,300750,145.59,149.41,151.51,144.55,257827,4135575623.0,4.75,1.96,2.87,0.66
2024-02-22,300750,149.54,148.56,149.54,147.09,209559,3349275886.0,1.64,-0.57,-0.85,0.54
2024-02-23,300750,150.18,148.71,150.21,147.27,210176,3368773226.0,1.98,0.1,0.15,0.54
2024-02-26,300750,147.44,144.21,148.2,142.91,360664,5638931754.0,3.56,-3.03,-4.5,0.93
2024-02-27,300750,143.29,146.04,146.06,142.75,290401,4531078101.0,2.3,1.27,1.83,0.75
2024-02-28,300750,146.39,145.22,151.51,145.22,400917,6423464926.0,4.31,-0.56,-0.82,1.03
2024-02-29,300750,144.31,151.72,151.98,143.87,391675,6315294345.0,5.58,4.48,6.5,1.01
2024-03-01,300750,151.74,152.76,153.77,150.61,281013,4610970231.0,2.08,0.69,1.04,0.72
2024-03-04,300750,153.21,152.11,156.07,150.98,268086,4424835389.0,3.33,-0.43,-0.65,0.69
2024-03-05,300750,150.31,152.86,153.41,148.21,275496,4478109343.0,3.42,0.49,0.75,0.71
2024-03-06,300750,150.79,151.85,155.11,149.91,187180,3067856204.0,3.4,-0.66,-1.01,0.48
2024-03-07,300750,151.21,148.36,152.38,147.69,221450,3568786297.0,3.09,-2.3,-3.49,0.57
2024-03-08,300750,147.34,146.21,149.01,144.86,202170,3194520067.0,2.8,-1.45,-2.15,0.52
2024-03-11,300750,153.21,169.06,169.86,152.31,763350,13248182793.0,12.0,15.63,22.85,1.96
2024-03-12,300750,171.55,174.05,174.64,168.21,621649,11428112945.0,3.8,2.95,4.99,1.6
2024-03-13,300750,175.21,173.39,175.9,171.51,347958,6444102061.0,2.52,-0.38,-0.66,0.89
2024-03-14,300750,173.1,172.02,176.17,171.17,305356,5642924971.0,2.88,-0.79,-1.37,0.78
2024-03-15,300750,171.84,169.21,172.11,165.06,354836,6371462215.0,4.1,-1.63,-2.81,0.91
2024-03-18,300750,178.25,179.17,181.97,177.16,483052,9229188790.0,2.84,5.89,9.96,1.24
2024-03-19,300750,178.7,175.46,180.51,174.81,269576,5099068938.0,3.18,-2.07,-3.71,0.69
2024-03-20,300750,173.72,177.69,179.45,173.72,210316,3987105281.0,3.27,1.27,2.23,0.54
2024-03-21,300750,177.72,177.29,180.09,177.29,187567,3571619013.0,1.58,-0.23,-0.4,0.48
2024-03-22,300750,177.3,174.72,178.12,173.2,191034,3563063417.0,2.78,-1.45,-2.57,0.49
2024-03-25,300750,173.78,173.01,176.41,172.69,164134,3046334226.0,2.13,-0.98,-1.71,0.42
2024-03-26,300750,173.91,180.01,181.34,173.9,302473,5746016495.0,4.3,4.05,7.0,0.78
2024-03-27,300750,179.95,176.21,179.96,176.21,206457,3910050276.0,2.08,-2.11,-3.8,0.53
2024-03-28,300750,176.28,176.99,179.91,174.81,200367,3792149244.0,2.89,0.44,0.78,0.51
2024-03-29,300750,178.51,178.37,183.21,177.59,164648,3154024728.0,3.18,0.78,1.38,0.42
2024-04-01,300750,182.21,186.05,188.04,181.61,275132,5438688735.0,3.6,4.31,7.68,0.71
2024-04-02,300750,186.31,187.91,189.78,184.71,240381,4793028386.0,2.73,1.0,1.86,0.62
2024-04-03,300750,187.15,185.86,187.16,182.81,234890,4635543375.0,2.31,-1.09,-2.05,0.6
2024-04-08,300750,185.86,182.81,188.11,182.81,189576,3729974586.0,2.85,-1.64,-3.05,0.49
2024-04-09,300750,182.21,184.21,184.71,181.92,145700,2845224466.0,1.53,0.77,1.4,0.37
2024-04-10,300750,182.32,180.95,183.21,179.74,179615,3459617610.0,1.88,-1.77,-3.26,0.46
2024-04-11,300750,179.02,180.81,182.51,175.21,192954,3681659227.0,4.03,-0.08,-0.14,0.5
2024-04-12,300750,179.21,176.6,180.19,176.22,166256,3153751598.0,2.2,-2.33,-4.21,0.43
2024-04-15,300750,182.06,185.35,185.35,180.07,305483,5978911501.0,2.99,4.95,8.75,0.78
2024-04-16,300750,187.21,185.36,187.51,183.13,276231,5450235800.0,2.36,0.01,0.01,0.71
2024-04-17,300750,183.56,184.2,185.14,181.23,216192,4211033978.0,2.11,-0.63,-1.16,0.56
2024-04-18,300750,182.18,183.77,185.66,179.6,195396,3808772286.0,3.29,-0.23,-0.43,0.5
2024-04-19,300750,181.27,179.01,182.67,177.72,184915,3533488436.0,2.69,-2.59,-4.76,0.47
2024-04-22,300750,181.01,178.81,183.1,178.78,150987,2903026005.0,2.41,-0.11,-0.2,0.39
2024-04-23,300750,179.34,178.14,180.71,176.09,111138,2113386949.0,2.58,-0.37,-0.67,0.29
2024-04-24,300750,180.21,177.81,180.61,174.61,151543,2865374635.0,3.37,-0.19,-0.33,0.39
2024-04-25,300750,176.78,181.41,182.56,176.1,164183,3150746112.0,3.63,2.02,3.6,0.42
2024-04-26,300750,180.22,186.69,187.09,180.22,224881,4413524312.0,3.79,2.91,5.28,0.58
2024-04-29,300750,188.78,197.84,201.71,188.21,438630,9119637969.0,7.23,5.97,11.15,1.13
2024-04-30,300750,199.0,195.84,199.0,195.24,214330,4377316692.0,1.9,-1.01,-2.0,0.55
2024-05-06,300750,204.24,200.22,204.94,199.27,270999,5634660009.0,2.9,2.24,4.38,0.7
2024-05-07,300750,199.42,200.12,201.12,198.39,131799,2722386147.0,1.36,-0.05,-0.1,0.34
2024-05-08,300750,200.24,196.47,201.04,196.35,124330,2544539625.0,2.34,-1.82,-3.65,0.32
2024-05-09,300750,199.51,202.64,203.75,199.44,219216,4575999960.0,2.19,3.14,6.17,0.56
2024-05-10,300750,202.64,196.74,202.64,196.24,228011,4675581900.0,3.16,-2.91,-5.9,0.59
2024-05-13,300750,189.54,192.59,195.01,188.75,221967,4425713327.0,3.18,-2.11,-4.15,0.57
2024-05-14,300750,193.84,192.25,194.44,191.36,106947,2131826963.0,1.6,-0.18,-0.34,0.27
2024-05-15,300750,192.25,191.13,196.57,190.74,130741,2607766831.0,3.03,-0.58,-1.12,0.34
2024-05-16,300750,192.04,192.91,194.88,190.22,153782,3065019508.0,2.44,0.93,1.78,0.39
2024-05-17,300750,192.94,196.24,196.24,191.82,184962,3727316446.0,2.29,1.73,3.33,0.47
2024-05-20,300750,200.44,196.69,201.12,196.25,199172,4083626152.0,2.48,0.23,0.45,0.51
2024-05-21,300750,196.91,194.8,197.82,193.8,122964,2480343309.0,2.04,-0.96,-1.89,0.32
2024-05-22,300750,195.74,198.13,200.24,194.84,252366,5153120079.0,2.77,1.71,3.33,0.65
2024-05-23,300750,197.44,197.58,198.89,196.37,176548,3602986569.0,1.27,-0.28,-0.55,0.45
2024-05-24,300750,196.04,194.22,198.1,194.03,155107,3136303496.0,2.06,-1.7,-3.36,0.4
2024-05-27,300750,195.04,193.25,195.04,191.74,163618,3261446783.0,1.7,-0.5,-0.97,0.42
2024-05-28,300750,192.7,191.04,193.82,190.84,126900,2517505166.0,1.54,-1.14,-2.21,0.33
2024-05-29,300750,191.25,192.03,195.74,191.04,133388,2663801635.0,2.46,0.52,0.99,0.34
2024-05-30,300750,192.29,192.59,194.12,190.9,127840,2548445865.0,1.68,0.29,0.56,0.33
2024-05-31,300750,192.59,191.0,195.49,191.0,138086,2760668470.0,2.33,-0.83,-1.59,0.35
2024-06-03,300750,191.0,195.74,196.84,189.04,187181,3757638839.0,4.08,2.48,4.74,0.48
2024-06-04,300750,195.23,199.21,200.48,194.24,177149,3639805938.0,3.19,1.77,3.47,0.45
2024-06-05,300750,198.94,197.36,201.09,197.25,117774,2420867501.0,1.93,-0.93,-1.85,0.3
2024-06-06,300750,197.22,198.03,200.12,195.44,124126,2544442658.0,2.37,0.34,0.67,0.32
2024-06-07,300750,192.1,186.44,195.69,180.83,516868,10008885040.0,7.5,-5.85,-11.59,1.33
2024-06-11,300750,182.24,182.01,185.24,177.85,420724,7876263876.0,3.96,-2.38,-4.43,1.08
2024-06-12,300750,179.24,178.84,183.0,178.72,203104,3788449182.0,2.35,-1.74,-3.17,0.52
2024-06-13,300750,180.24,178.42,183.25,178.36,221176,4134985666.0,2.73,-0.23,-0.42,0.57
2024-06-14,300750,179.34,178.13,179.82,171.82,371849,6764196086.0,4.48,-0.16,-0.29,0.95
2024-06-17,300750,175.79,181.44,183.74,175.55,269293,5044213365.0,4.6,1.86,3.31,0.69
2024-06-18,300750,181.39,183.57,183.71,180.26,156529,2959271843.0,1.9,1.17,2.13,0.4
2024-06-19,300750,183.84,182.25,183.94,180.92,107540,2030697600.0,1.65,-0.72,-1.32,0.28
2024-06-20,300750,183.23,181.23,183.35,180.34,115624,2172637229.0,1.65,-0.56,-1.02,0.3
2024-06-21,300750,181.55,178.4,182.2,175.61,184677,3416688219.0,3.64,-1.56,-2.83,0.47
2024-06-24,300750,176.24,180.22,181.23,176.24,180355,3363422625.0,2.8,1.02,1.82,0.46
2024-06-25,300750,180.24,179.56,182.44,178.84,144144,2696969882.0,2.0,-0.37,-0.66,0.37
2024-06-26,300750,178.36,178.75,179.87,176.44,104814,1940490559.0,1.91,-0.45,-0.81,0.27
2024-06-27,300750,178.75,178.24,179.12,176.25,126536,2330478210.0,1.61,-0.29,-0.51,0.32
2024-06-28,300750,177.04,173.27,178.72,173.08,194205,3539244333.0,3.16,-2.79,-4.97,0.5
2024-07-01,300750,172.43,169.31,172.52,164.41,269957,4709620520.0,4.68,-2.29,-3.96,0.69
2024-07-02,300750,167.09,169.32,170.2,165.35,144156,2529552189.0,2.86,0.01,0.01,0.37
2024-07-03,300750,170.24,172.74,175.74,169.55,162053,2906473773.0,3.66,2.02,3.42,0.42
2024-07-04,300750,173.63,172.84,176.23,172.44,118346,2137596470.0,2.19,0.06,0.1,0.3
2024-07-05,300750,174.24,170.86,175.73,169.74,135247,2414693953.0,3.47,-1.15,-1.98,0.35
2024-07-08,300750,169.25,169.15,171.61,168.25,108064,1907514420.0,1.97,-1.0,-1.71,0.28
2024-07-09,300750,168.54,169.01,170.54,166.33,164439,2876833389.0,2.49,-0.08,-0.14,0.42
2024-07-10,300750,168.25,166.29,173.33,166.29,177729,3123226777.0,4.17,-1.61,-2.72,0.46
2024-07-11,300750,168.24,170.25,172.22,166.73,208111,3678618339.0,3.3,2.38,3.96,0.53
2024-07-12,300750,171.09,173.04,175.01,170.24,195505,3523525353.0,2.8,1.64,2.79,0.5
2024-07-15,300750,171.54,171.36,173.19,170.35,114697,2041627402.0,1.64,-0.97,-1.68,0.29
2024-07-16,300750,170.74,172.54,173.74,170.54,151487,2710034963.0,1.87,0.69,1.18,0.39
2024-07-17,300750,171.24,174.13,175.9,169.18,185901,3346445646.0,3.89,0.92,1.59,0.48
2024-07-18,300750,173.24,181.59,182.34,172.92,319944,5957621426.0,5.41,4.28,7.46,0.82
2024-07-19,300750,179.59,182.68,183.33,179.44,208476,3929663334.0,2.14,0.6,1.09,0.54
2024-07-22,300750,184.43,182.76,187.42,180.64,171683,3259890052.0,3.71,0.04,0.08,0.44
2024-07-23,300750,182.25,179.44,182.94,179.44,119031,2233862306.0,1.92,-1.82,-3.32,0.31
2024-07-24,300750,179.24,179.56,182.33,178.63,144681,2708577542.0,2.06,0.07,0.12,0.37
2024-07-25,300750,179.36,180.97,183.97,178.3,205959,3863507112.0,3.16,0.79,1.41,0.53
2024-07-26,300750,183.24,182.59,186.54,181.29,233477,4436931314.0,2.9,0.9,1.62,0.6
2024-07-29,300750,180.24,177.77,180.24,173.24,213624,3918833597.0,3.83,-2.64,-4.82,0.55
2024-07-30,300750,176.46,178.13,178.57,176.46,127252,2349179517.0,1.19,0.2,0.36,0.33
2024-07-31,300750,175.24,179.55,180.12,175.24,198969,3690880179.0,2.74,0.8,1.42,0.51
2024-08-01,300750,178.24,173.54,179.24,173.34,230127,4180640117.0,3.29,-3.35,-6.01,0.59
2024-08-02,300750,172.24,170.33,173.24,169.98,154937,2753866402.0,1.88,-1.85,-3.21,0.4
2024-08-05,300750,168.25,170.24,173.43,168.24,193477,3451887572.0,3.05,-0.05,-0.09,0.5
2024-08-06,300750,171.65,168.19,172.63,166.95,157687,2771240102.0,3.34,-1.2,-2.05,0.4
2024-08-07,300750,168.19,166.91,169.47,166.91,127540,2230380711.0,1.52,-0.76,-1.28,0.33
2024-08-08,300750,166.25,165.64,166.84,163.36,146590,2520197340.0,2.08,-0.76,-1.27,0.38
2024-08-09,300750,166.84,163.24,168.11,163.24,154130,2646422840.0,2.94,-1.45,-2.4,0.4
2024-08-12,300750,163.81,162.24,164.36,160.04,174156,2934605437.0,2.65,-0.61,-1.0,0.45
2024-08-13,300750,162.13,167.02,168.2,161.62,193893,3336604796.0,4.06,2.95,4.78,0.5
2024-08-14,300750,166.23,165.45,167.69,164.96,99663,1720375362.0,1.63,-0.94,-1.57,0.26
2024-08-15,300750,165.24,166.64,167.84,164.53,144812,2511442939.0,2.0,0.72,1.19,0.37
2024-08-16,300750,166.64,166.86,169.24,166.12,111506,1941327488.0,1.87,0.13,0.22,0.29
2024-08-19,300750,166.59,168.84,171.18,166.39,140358,2473581500.0,2.87,1.19,1.98,0.36
2024-08-20,300750,168.24,168.11,169.24,166.9,84370,1475662465.0,1.39,-0.43,-0.73,0.22
2024-08-21,300750,167.24,167.25,168.65,165.24,111474,1940113037.0,2.03,-0.51,-0.86,0.29
2024-08-22,300750,168.22,172.04,173.21,167.54,199011,3536569763.0,3.39,2.86,4.79,0.51
2024-08-23,300750,170.24,175.04,175.76,170.24,184152,3332172741.0,3.21,1.74,3.0,0.47
2024-08-26,300750,175.14,177.16,177.8,174.24,148387,2717728514.0,2.03,1.21,2.12,0.38
2024-08-27,300750,175.76,176.74,177.73,174.74,99770,1827225122.0,1.69,-0.24,-0.42,0.26
2024-08-28,300750,176.04,176.06,176.93,174.52,106390,1940292275.0,1.36,-0.38,-0.68,0.27
2024-08-29,300750,172.41,174.04,176.23,172.41,156702,2839993927.0,2.17,-1.15,-2.02,0.4
2024-08-30,300750,174.04,177.58,179.2,174.04,254292,4689604094.0,2.96,2.03,3.54,0.65
2024-09-02,300750,177.68,174.43,178.83,174.24,129852,2371406001.0,2.58,-1.77,-3.15,0.33
2024-09-03,300750,173.54,178.89,179.94,173.26,181969,3362146073.0,3.83,2.56,4.46,0.47
2024-09-04,300750,178.56,180.39,182.24,178.09,165645,3101382415.0,2.32,0.84,1.5,0.43
2024-09-05,300750,180.39,180.04,182.79,179.04,123182,2302962597.0,2.08,-0.19,-0.35,0.32
2024-09-06,300750,179.36,179.19,181.74,178.64,75255,1404159124.0,1.72,-0.47,-0.85,0.19
2024-09-09,300750,178.35,178.39,181.9,176.71,134754,2494206446.0,2.9,-0.45,-0.8,0.35
2024-09-10,300750,178.74,174.4,178.74,174.29,154244,2809100737.0,2.49,-2.24,-3.99,0.4
2024-09-11,300750,175.64,179.8,181.02,174.4,211971,3938430662.0,3.8,3.1,5.4,0.54
2024-09-12,300750,181.24,182.59,185.4,179.95,207100,3931885572.0,3.03,1.55,2.79,0.53
2024-09-13,300750,182.12,176.74,182.12,176.74,172873,3202147524.0,2.95,-3.2,-5.85,0.44
2024-09-18,300750,176.84,179.64,180.67,176.53,113779,2116044596.0,2.34,1.64,2.9,0.29
2024-09-19,300750,180.24,180.14,181.46,176.84,157694,2940618896.0,2.57,0.28,0.5,0.4
2024-09-20,300750,180.14,178.84,181.14,176.92,155027,2874252971.0,2.34,-0.72,-1.3,0.4
2024-09-23,300750,179.9,181.44,182.67,178.74,157925,2968348168.0,2.2,1.45,2.6,0.41
2024-09-24,300750,185.2,190.76,191.41,182.13,354517,6891613101.0,5.11,5.14,9.32,0.91
2024-09-25,300750,200.63,196.34,200.64,195.83,420101,8606648805.0,2.52,2.93,5.58,1.08
2024-09-26,300750,196.94,198.75,200.57,192.17,354893,7190132217.0,4.28,1.23,2.41,0.91
2024-09-27,300750,205.24,220.05,224.92,204.91,701813,15567947397.0,10.07,10.72,21.3,1.8
2024-09-30,300750,226.26,245.13,248.24,225.24,913611,22246725636.0,10.45,11.4,25.08,2.34
2024-10-08,300750,289.24,292.24,294.74,260.9,1376465,39285155658.0,13.8,19.22,47.11,3.53
2024-10-09,300750,273.14,248.24,273.23,248.24,1086916,29017394644.0,8.55,-15.06,-44.0,2.79
2024-10-10,300750,248.24,251.24,259.23,243.4,608338,15786972610.0,6.38,1.21,3.0,1.56
2024-10-11,300750,248.74,235.03,248.74,231.17,476402,11668275358.0,6.99,-6.45,-16.21,1.22
2024-10-14,300750,243.23,242.96,246.04,238.18,467599,11671765786.0,3.34,3.37,7.93,1.2
2024-10-15,300750,243.05,234.46,244.08,234.37,327653,8057930637.0,4.0,-3.5,-8.5,0.84
2024-10-16,300750,232.06,227.09,232.06,226.57,335860,7918107275.0,2.34,-3.14,-7.37,0.86
2024-10-17,300750,227.24,224.74,232.12,224.1,261647,6135626737.0,3.53,-1.03,-2.35,0.67
2024-10-18,300750,223.24,243.13,252.12,222.84,680138,16734812130.0,13.03,8.18,18.39,1.74
2024-10-21,300750,252.24,246.6,255.77,244.99,584558,14972853360.0,4.43,1.43,3.47,1.5
2024-10-22,300750,247.24,243.79,247.8,240.5,278760,6986426718.0,2.96,-1.14,-2.81,0.71
2024-10-23,300750,241.05,242.54,248.18,240.1,321541,8076690148.0,3.31,-0.51,-1.25,0.82
2024-10-24,300750,243.01,239.4,244.74,238.24,214658,5297733385.0,2.68,-1.29,-3.14,0.55
2024-10-25,300750,245.58,252.12,258.24,239.54,578986,14887536977.0,7.81,5.31,12.72,1.48
2024-10-28,300750,249.37,249.48,251.85,246.24,276019,7053002719.0,2.23,-1.05,-2.64,0.71
2024-10-29,300750,249.48,245.02,250.95,244.48,269948,6853075171.0,2.59,-1.79,-4.46,0.69
2024-10-30,300750,243.24,241.27,245.54,237.74,271344,6734690047.0,3.18,-1.53,-3.75,0.7
2024-10-31,300750,240.23,239.22,243.74,237.24,255003,6286268642.0,2.69,-0.85,-2.05,0.65
2024-11-01,300750,239.77,239.44,243.06,238.42,259158,6418140472.0,1.94,0.09,0.22,0.66
2024-11-04,300750,237.24,244.44,247.54,237.24,242472,6074686403.0,4.3,2.09,5.0,0.62
2024-11-05,300750,243.82,254.63,256.06,242.37,484821,12547431634.0,5.6,4.17,10.19,1.24
2024-11-06,300750,252.23,249.74,262.74,246.74,452393,11840068810.0,6.28,-1.92,-4.89,1.16
2024-11-07,300750,251.24,256.04,256.04,247.12,335710,8698717048.0,3.57,2.52,6.3,0.86
2024-11-08,300750,262.9,250.74,265.24,250.34,402941,10612727375.0,5.82,-2.07,-5.3,1.03
2024-11-11,300750,245.59,260.74,262.23,244.25,491539,12844920271.0,7.17,3.99,10.0,1.26
2024-11-12,300750,271.52,266.26,278.44,264.22,744030,20764206510.0,5.45,2.12,5.52,1.91
2024-11-13,300750,262.24,275.24,281.44,260.01,557737,15410247017.0,8.05,3.37,8.98,1.43
2024-11-14,300750,276.24,268.24,278.23,267.9,426572,11940874423.0,3.75,-2.54,-7.0,1.09
2024-11-15,300750,262.74,258.8,268.24,258.8,351983,9488134617.0,3.52,-3.52,-9.44,0.9
2024-11-18,300750,258.8,256.16,264.19,254.24,306500,8135717135.0,3.84,-1.02,-2.64,0.79
2024-11-19,300750,255.26,261.96,265.24,251.24,348129,9211079120.0,5.47,2.26,5.8,0.89
2024-11-20,300750,260.19,260.79,263.14,257.84,227088,6060616028.0,2.02,-0.45,-1.17,0.58
2024-11-21,300750,258.9,261.5,264.67,256.9,205508,5510533650.0,2.98,0.27,0.71,0.53
2024-11-22,300750,261.17,252.34,262.24,252.12,225551,5937579845.0,3.87,-3.5,-9.16,0.58
2024-11-25,300750,256.3,257.34,259.8,254.42,262391,6923644963.0,2.13,1.98,5.0,0.67
2024-11-26,300750,254.81,249.96,257.21,248.9,273604,7076484876.0,3.23,-2.87,-7.38,0.7
2024-11-27,300750,247.94,253.14,254.14,244.71,274007,7033615361.0,3.77,1.27,3.18,0.7
2024-11-28,300750,252.44,247.94,252.77,246.74,223556,5728197559.0,2.38,-2.05,-5.2,0.57
2024-11-29,300750,244.47,254.48,261.23,244.47,313663,8192074188.0,6.76,2.64,6.54,0.8
2024-12-02,300750,251.88,255.43,256.79,250.45,206475,5387882833.0,2.49,0.37,0.95,0.53
2024-12-03,300750,254.24,255.08,256.23,252.24,173108,4514867561.0,1.56,-0.14,-0.35,0.44
2024-12-04,300750,253.24,252.21,255.24,250.74,161814,4186965339.0,1.76,-1.13,-2.87,0.41
2024-12-05,300750,251.23,249.24,252.19,248.25,160216,4109014221.0,1.56,-1.18,-2.97,0.41
2024-12-06,300750,249.24,259.79,263.14,248.24,330381,8719647873.0,5.98,4.23,10.55,0.85
2024-12-09,300750,260.23,261.29,262.9,257.65,224561,6005103478.0,2.02,0.58,1.5,0.58
2024-12-10,300750,274.52,263.81,274.74,262.57,329044,9035442039.0,4.66,0.96,2.52,0.84
2024-12-11,300750,267.2,260.34,272.74,259.76,194008,5262014871.0,4.92,-1.32,-3.47,0.5
2024-12-12,300750,259.14,266.95,268.62,258.44,223295,6055502392.0,3.91,2.54,6.61,0.57
2024-12-13,300750,263.12,260.27,265.24,259.24,283164,7596460114.0,2.25,-2.5,-6.68,0.73
2024-12-16,300750,259.46,260.44,262.74,257.29,162575,4333963457.0,2.09,0.07,0.17,0.42
2024-12-17,300750,260.24,267.04,271.24,259.78,282146,7746201690.0,4.4,2.53,6.6,0.72
2024-12-18,300750,267.55,264.65,267.97,263.55,150853,4110472402.0,1.66,-0.89,-2.39,0.39
2024-12-19,300750,262.5,263.03,265.59,259.86,153460,4137668599.0,2.17,-0.61,-1.62,0.39
2024-12-20,300750,263.03,255.95,264.04,253.56,277401,7313368050.0,3.98,-2.69,-7.08,0.71
2024-12-23,300750,255.95,256.74,262.12,255.95,206394,5482614221.0,2.41,0.31,0.79,0.53
2024-12-24,300750,256.24,261.47,261.49,256.24,196154,5229920631.0,2.04,1.84,4.73,0.5
2024-12-25,300750,262.15,261.21,264.15,259.5,114138,3058526680.0,1.78,-0.1,-0.26,0.29
2024-12-26,300750,260.44,254.49,260.44,254.24,224438,5898437344.0,2.37,-2.57,-6.72,0.58
2024-12-27,300750,253.81,255.24,256.66,248.24,243519,6338085456.0,3.31,0.29,0.75,0.62
2024-12-30,300750,254.12,259.82,260.74,253.75,226314,6013633016.0,2.74,1.79,4.58,0.58
2024-12-31,300750,258.33,259.24,263.74,258.33,249340,6694555730.0,2.08,-0.22,-0.58,0.64
2025-01-02,300750,259.49,252.02,259.54,250.24,233546,6090661831.0,3.59,-2.79,-7.22,0.6
2025-01-03,300750,252.02,250.87,256.24,250.45,185238,4812148522.0,2.3,-0.46,-1.15,0.47
2025-01-06,300750,251.24,249.99,253.24,246.24,172891,4433101113.0,2.79,-0.35,-0.88,0.44
2025-01-07,300750,236.24,242.69,245.24,234.32,401036,9934923663.0,4.37,-2.92,-7.3,1.03
2025-01-08,300750,239.23,238.58,241.55,236.56,271858,6681628785.0,2.06,-1.69,-4.11,0.7
2025-01-09,300750,234.59,240.57,243.49,234.4,169329,4168600175.0,3.81,0.83,1.99,0.43
2025-01-10,300750,239.74,239.24,243.19,237.92,147294,3643092329.0,2.19,-0.55,-1.33,0.38
2025-01-13,300750,236.74,240.15,243.24,235.24,180922,4467775090.0,3.34,0.38,0.91,0.46
2025-01-14,300750,240.95,249.44,250.24,238.45,202467,5108567634.0,4.91,3.87,9.29,0.52
2025-01-15,300750,249.44,244.11,249.64,242.91,150627,3798504600.0,2.7,-2.14,-5.33,0.39
2025-01-16,300750,245.24,243.17,247.84,241.5,161884,4056598313.0,2.6,-0.39,-0.94,0.41
2025-01-17,300750,241.74,244.74,246.74,241.32,111066,2786220135.0,2.23,0.65,1.57,0.28
2025-01-20,300750,249.74,258.76,260.85,249.55,342835,9048642227.0,4.62,5.73,14.02,0.88
2025-01-21,300750,261.74,257.42,262.0,256.46,138933,3681448144.0,2.14,-0.52,-1.34,0.36
2025-01-22,300750,255.24,251.24,258.14,247.45,250407,6440345376.0,4.15,-2.4,-6.18,0.64
2025-01-23,300750,253.09,250.74,255.74,250.22,165537,4291744662.0,2.2,-0.2,-0.5,0.42
2025-01-24,300750,250.47,255.08,259.24,250.47,224398,5876198259.0,3.5,1.73,4.34,0.58
2025-01-27,300750,255.09,251.46,257.43,251.46,171026,4460049868.0,2.34,-1.42,-3.62,0.44
2025-02-05,300750,254.46,246.58,256.46,245.51,240481,6141794779.0,4.35,-1.94,-4.88,0.62
2025-02-06,300750,245.46,247.56,247.95,243.66,248961,6261792979.0,1.74,0.4,0.98,0.64
2025-02-07,300750,251.46,255.74,257.02,246.08,344413,8922582684.0,4.42,3.3,8.18,0.88
2025-02-10,300750,255.74,252.91,255.93,249.64,229267,5928297100.0,2.46,-1.11,-2.83,0.59
2025-02-11,300750,254.9,246.26,254.96,245.52,247920,6268157349.0,3.73,-2.63,-6.65,0.64
2025-02-12,300750,244.47,249.76,250.46,241.54,273822,6902713445.0,3.62,1.42,3.5,0.7
2025-02-13,300750,250.45,255.85,258.45,249.56,375350,9803005760.0,3.56,2.44,6.09,0.96
2025-02-14,300750,255.99,264.17,267.46,255.99,387800,10409880413.0,4.48,3.25,8.32,0.99
2025-02-17,300750,269.36,263.86,269.36,260.48,241830,6513084025.0,3.36,-0.12,-0.31,0.62
2025-02-18,300750,267.42,265.23,269.96,263.46,238458,6497674092.0,2.46,0.52,1.37,0.61
2025-02-19,300750,263.03,268.01,270.46,263.01,204455,5580141095.0,2.81,1.05,2.78,0.52
2025-02-20,300750,267.26,264.66,267.26,261.46,195890,5267400818.0,2.16,-1.25,-3.35,0.5
2025-02-21,300750,263.04,270.01,271.34,262.24,309519,8443562273.0,3.44,2.02,5.35,0.79
2025-02-24,300750,267.47,265.96,269.16,262.62,277538,7510840227.0,2.42,-1.5,-4.05,0.71
2025-02-25,300750,261.94,263.94,268.46,258.97,232094,6243748571.0,3.57,-0.76,-2.02,0.59
2025-02-26,300750,265.91,263.08,267.34,261.64,211731,5698649749.0,2.16,-0.33,-0.86,0.54
2025-02-27,300750,264.73,264.46,266.16,262.13,231851,6250587949.0,1.53,0.52,1.38,0.59
2025-02-28,300750,264.06,258.76,265.77,258.07,222655,5935077344.0,2.91,-2.16,-5.7,0.57
2025-03-03,300750,259.46,267.99,273.76,256.7,387364,10603328988.0,6.59,3.57,9.23,0.99
2025-03-04,300750,264.46,257.46,265.46,257.19,268365,7115460892.0,3.09,-3.93,-10.53,0.69
2025-03-05,300750,257.46,255.45,258.35,252.96,208696,5438997025.0,2.09,-0.78,-2.01,0.53
2025-03-06,300750,256.71,258.77,259.99,255.46,250273,6601078271.0,1.77,1.3,3.32,0.64
2025-03-07,300750,257.42,255.22,258.04,253.14,222871,5812794648.0,1.89,-1.37,-3.55,0.57
2025-03-10,300750,256.26,250.96,256.32,248.07,286751,7355227161.0,3.23,-1.67,-4.26,0.73
2025-03-11,300750,247.53,249.66,249.96,247.51,171351,4355529582.0,0.98,-0.52,-1.3,0.44
2025-03-12,300750,250.47,248.96,251.08,245.95,199147,5058919203.0,2.05,-0.28,-0.7,0.51
2025-03-13,300750,248.46,247.68,253.66,247.46,168852,4316530458.0,2.49,-0.51,-1.28,0.43
2025-03-14,300750,247.46,256.46,259.31,247.11,351089,9148092796.0,4.93,3.54,8.78,0.9
2025-03-17,300750,257.56,250.46,259.93,250.2,335155,8685706367.0,3.79,-2.34,-6.0,0.86
2025-03-18,300750,252.46,251.46,255.24,249.96,225767,5817534421.0,2.11,0.4,1.0,0.58
2025-03-19,300750,251.66,259.85,261.43,251.24,369541,9737109378.0,4.05,3.34,8.39,0.95
2025-03-20,300750,259.85,256.61,260.96,255.48,144247,3794188019.0,2.11,-1.25,-3.24,0.37
2025-03-21,300750,257.14,250.46,258.99,250.13,194320,5026360931.0,3.45,-2.4,-6.15,0.5
2025-03-24,300750,252.16,252.62,253.44,250.74,167302,4311680872.0,1.08,0.86,2.16,0.43
2025-03-25,300750,252.17,253.94,254.46,249.75,127858,3303477319.0,1.86,0.52,1.32,0.33
2025-03-26,300750,253.86,251.38,257.16,251.16,129046,3336108307.0,2.36,-1.01,-2.56,0.33
2025-03-27,300750,250.65,253.34,257.26,248.71,141792,3675726420.0,3.4,0.78,1.96,0.36
2025-03-28,300750,250.57,251.26,253.34,250.26,112421,2888588257.0,1.22,-0.82,-2.08,0.29
2025-03-31,300750,250.52,247.4,252.44,246.58,194634,4951863265.0,2.33,-1.54,-3.86,0.5
2025-04-01,300750,247.4,243.52,248.96,243.04,194162,4862442756.0,2.39,-1.57,-3.88,0.5
2025-04-02,300750,244.66,243.6,246.92,242.02,137321,3433096886.0,2.01,0.03,0.08,0.35
2025-04-03,300750,239.46,237.54,242.16,237.01,232816,5693962717.0,2.11,-2.49,-6.06,0.6
2025-04-07,300750,220.55,209.68,224.46,203.57,723646,15811389636.0,8.79,-11.73,-27.86,1.85
2025-04-08,300750,214.41,213.51,219.46,210.86,476594,10471952816.0,4.1,1.83,3.83,1.22
2025-04-09,300750,207.38,205.85,213.21,204.55,536023,11459705354.0,4.06,-3.59,-7.66,1.37
2025-04-10,300750,215.46,212.44,217.25,209.92,372741,8168675412.0,3.56,3.2,6.59,0.96
2025-04-11,300750,210.46,218.46,220.01,209.16,302991,6696905324.0,5.11,2.83,6.02,0.78
2025-04-14,300750,221.61,218.46,222.46,217.14,206965,4642121045.0,2.44,0.0,0.0,0.53
2025-04-15,300750,220.46,222.61,224.91,219.58,266865,6087451729.0,2.44,1.9,4.15,0.68
2025-04-16,300750,221.46,219.35,221.64,216.01,216551,4838764472.0,2.53,-1.46,-3.26,0.55
2025-04-17,300750,217.46,220.46,221.79,216.68,157377,3551280611.0,2.33,0.51,1.11,0.4
2025-04-18,300750,219.67,219.92,220.96,218.12,115128,2588857714.0,1.29,-0.24,-0.54,0.3
2025-04-21,300750,219.92,225.82,229.46,218.64,220082,5088523082.0,4.92,2.68,5.9,0.56
2025-04-22,300750,229.0,229.69,230.16,226.2,169354,3885729764.0,1.75,1.71,3.87,0.43
2025-04-23,300750,234.0,232.35,237.75,232.0,191980,4507058716.0,2.5,1.16,2.66,0.49
2025-04-24,300750,233.5,235.87,237.66,231.25,181554,4297351278.0,2.76,1.51,3.52,0.47
2025-04-25,300750,236.2,235.6,236.92,234.09,127620,3016796564.0,1.2,-0.11,-0.27,0.33
2025-04-28,300750,237.25,233.85,237.26,232.2,143124,3357178149.0,2.15,-0.74,-1.75,0.37
2025-04-29,300750,233.0,231.03,233.8,229.72,167424,3892978723.0,1.74,-1.21,-2.82,0.43
2025-04-30,300750,232.05,230.5,233.38,230.5,156328,3635403837.0,1.25,-0.23,-0.53,0.4
2025-05-06,300750,232.91,230.63,235.3,230.2,196877,4591289270.0,2.21,0.06,0.13,0.5
2025-05-07,300750,235.45,237.61,239.88,235.08,312810,7444719326.0,2.08,3.03,6.98,0.8
2025-05-08,300750,238.49,243.57,247.68,236.98,312856,7666995082.0,4.5,2.51,5.96,0.8
2025-05-09,300750,245.07,247.27,248.77,243.65,236933,5858468263.0,2.1,1.52,3.7,0.61
2025-05-12,300750,254.0,256.0,256.99,252.0,302315,7731591601.0,2.02,3.53,8.73,0.77
2025-05-13,300750,261.0,257.77,261.0,254.02,204806,5281511474.0,2.73,0.69,1.77,0.52
2025-05-14,300750,257.77,261.6,263.46,255.01,231463,6020688165.0,3.28,1.49,3.83,0.59
2025-05-15,300750,261.62,259.18,261.87,258.6,141119,3685574613.0,1.25,-0.93,-2.42,0.36
2025-05-16,300750,258.14,258.36,260.73,256.73,189001,4904611047.0,1.54,-0.32,-0.82,0.48
2025-05-19,300750,259.5,259.0,259.54,256.27,169740,4399897902.0,1.27,0.25,0.64,0.43
2025-05-20,300750,263.44,262.0,264.5,254.2,346424,9053425367.0,3.98,1.16,3.0,0.89
2025-05-21,300750,265.99,273.08,278.99,264.8,565245,15470587405.0,5.42,4.23,11.08,1.45
2025-05-22,300750,276.8,269.37,276.94,267.27,276081,7470701466.0,3.54,-1.36,-3.71,0.71
2025-05-23,300750,270.01,265.99,273.0,265.95,230004,6218224096.0,2.62,-1.25,-3.38,0.59
2025-05-26,300750,264.0,254.9,265.38,251.9,330122,8477228630.0,5.07,-4.17,-11.09,0.85
2025-05-27,300750,254.89,252.99,256.21,251.39,176680,4491281265.0,1.89,-0.75,-1.91,0.45
2025-05-28,300750,254.61,252.6,257.27,252.32,154563,3946773465.0,1.96,-0.15,-0.39,0.4
2025-05-29,300750,252.0,250.85,252.98,248.0,217883,5487937547.0,1.97,-0.69,-1.75,0.56
2025-05-30,300750,249.9,249.0,251.65,246.47,204337,5107325147.0,2.06,-0.74,-1.85,0.52
2025-06-03,300750,251.0,250.15,252.9,249.44,158412,3989341996.0,1.39,0.46,1.15,0.41
2025-06-04,300750,251.5,250.05,252.6,249.7,130402,3285855858.0,1.16,-0.04,-0.1,0.33
2025-06-05,300750,250.36,250.5,251.44,247.27,135259,3386751734.0,1.67,0.18,0.45,0.35
2025-06-06,300750,251.0,247.88,252.33,247.5,165515,4138221069.0,1.93,-1.05,-2.62,0.42
2025-06-09,300750,247.88,244.58,249.88,244.5,185498,4593124638.0,2.17,-1.33,-3.3,0.48
2025-06-10,300750,244.0,242.14,245.86,241.22,139325,3406606343.0,1.9,-1.0,-2.44,0.36
2025-06-11,300750,245.09,249.5,251.44,243.8,279934,7006354612.0,3.16,3.04,7.36,0.72
2025-06-12,300750,251.0,248.81,251.5,247.77,175696,4386403720.0,1.49,-0.28,-0.69,0.45
2025-06-13,300750,247.1,247.2,249.41,245.37,174032,4322411795.0,1.62,-0.65,-1.61,0.45
2025-06-16,300750,247.0,245.66,247.7,244.8,122176,3013514215.0,1.17,-0.62,-1.54,0.31
2025-06-17,300750,245.96,245.26,247.43,244.22,97650,2407928749.0,1.31,-0.16,-0.4,0.25
2025-06-18,300750,245.98,244.57,248.58,244.57,104606,2586543839.0,1.64,-0.28,-0.69,0.27
2025-06-19,300750,244.3,241.1,245.16,240.6,147985,3604508604.0,1.86,-1.42,-3.47,0.38
2025-06-20,300750,240.06,239.26,242.12,238.5,136883,3293985956.0,1.5,-0.76,-1.84,0.35
2025-06-23,300750,238.3,238.61,239.6,237.03,127099,3040680713.0,1.07,-0.27,-0.65,0.33
2025-06-24,300750,239.58,244.92,247.08,239.58,235011,5767361453.0,3.14,2.64,6.31,0.6
2025-06-25,300750,245.5,253.9,254.88,245.0,315377,7930320892.0,4.03,3.67,8.98,0.81
2025-06-26,300750,254.88,251.79,255.29,251.36,199145,5062386536.0,1.55,-0.83,-2.11,0.51
2025-06-27,300750,255.5,249.99,256.45,249.11,236201,5985026676.0,2.92,-0.71,-1.8,0.61
2025-06-30,300750,250.5,251.22,252.5,248.7,176234,4434817078.0,1.52,0.49,1.23,0.41
2025-07-01,300750,251.5,250.5,251.74,248.88,95323,2395104336.0,1.14,-0.29,-0.72,0.22
2025-07-02,300750,250.5,249.45,251.01,248.19,115714,2897311834.0,1.13,-0.42,-1.05,0.27
2025-07-03,300750,250.47,261.59,262.21,249.59,338037,8746803693.0,5.06,4.87,12.14,0.79
2025-07-04,300750,264.01,264.8,268.98,259.98,272060,7214227943.0,3.44,1.23,3.21,0.64
2025-07-07,300750,264.8,259.89,267.88,257.88,174665,4568972964.0,3.78,-1.85,-4.91,0.41
2025-07-08,300750,259.7,262.31,264.9,258.82,155923,4104293094.0,2.34,0.93,2.42,0.37
2025-07-09,300750,261.2,269.8,273.46,261.1,293884,7948423738.0,4.71,2.86,7.49,0.69
2025-07-10,300750,273.99,271.0,273.99,267.5,242393,6594201202.0,2.41,0.44,1.2,0.57
2025-07-11,300750,270.5,270.5,273.0,269.1,213282,5798544034.0,1.44,-0.18,-0.5,0.5
2025-07-14,300750,270.0,267.5,270.32,265.1,149789,4013693003.0,1.93,-1.11,-3.0,0.35
2025-07-15,300750,267.5,266.75,271.5,265.0,169526,4553827628.0,2.43,-0.28,-0.75,0.4
2025-07-16,300750,267.5,263.4,267.7,262.04,156265,4135841242.0,2.12,-1.26,-3.35,0.37
2025-07-17,300750,264.37,264.5,266.75,263.36,145110,3852746250.0,1.29,0.42,1.1,0.34
2025-07-18,300750,267.7,270.2,271.45,264.8,221866,5981601234.0,2.51,2.16,5.7,0.52
2025-07-21,300750,276.0,278.66,281.0,272.55,324863,9047295148.0,3.13,3.13,8.46,0.76
2025-07-22,300750,279.0,285.66,289.0,278.18,333090,9468912161.0,3.88,2.51,7.0,0.78
2025-07-23,300750,287.16,286.02,289.75,285.59,200190,5772653125.0,1.46,0.13,0.36,0.47
2025-07-24,300750,288.0,284.2,288.2,281.91,223891,6394082072.0,2.2,-0.64,-1.82,0.53
2025-07-25,300750,284.2,281.8,284.2,280.75,134326,3802835260.0,1.21,-0.84,-2.4,0.32
2025-07-28,300750,282.02,285.3,288.09,280.3,238973,6830867028.0,2.76,1.24,3.5,0.56
2025-07-29,300750,285.7,290.82,291.0,285.68,233946,6785427583.0,1.86,1.93,5.52,0.55
2025-07-30,300750,291.2,276.09,291.2,275.36,415943,11712764593.0,5.45,-5.06,-14.73,0.98
2025-07-31,300750,279.8,263.62,280.98,263.62,447104,12088514551.0,6.29,-4.52,-12.47,1.05
2025-08-01,300750,263.8,262.07,265.6,261.75,252500,6682814646.0,1.46,-0.59,-1.55,0.59
2025-08-04,300750,262.0,265.48,267.0,260.7,237682,6286238371.0,2.4,1.3,3.41,0.56
2025-08-05,300750,266.5,264.7,268.0,262.5,219760,5844478669.0,2.07,-0.29,-0.78,0.52
2025-08-06,300750,264.22,264.0,265.9,262.23,153233,4058482395.0,1.39,-0.26,-0.7,0.36
2025-08-07,300750,264.0,262.05,265.49,261.2,165481,4363462114.0,1.63,-0.74,-1.95,0.39
2025-08-08,300750,263.0,262.48,265.16,261.01,174282,4604736202.0,1.58,0.16,0.43,0.41
2025-08-11,300750,262.48,262.66,265.15,261.5,213309,5627553110.0,1.39,0.07,0.18,0.5
2025-08-12,300750,262.5,262.25,264.18,256.72,222407,5829140856.0,2.84,-0.16,-0.41,0.52
2025-08-13,300750,263.77,272.6,274.0,263.51,394668,10661084796.0,4.0,3.95,10.35,0.93
2025-08-14,300750,275.89,278.89,281.0,273.48,371708,10378442059.0,2.76,2.31,6.29,0.87
2025-08-15,300750,277.38,279.67,281.3,275.1,241092,6735591187.0,2.22,0.28,0.78,0.57
2025-08-18,300750,279.67,282.0,284.48,277.02,285288,8056186541.0,2.67,0.83,2.33,0.67
2025-08-19,300750,282.0,276.8,283.0,275.22,244286,6816442573.0,2.76,-1.84,-5.2,0.57
2025-08-20,300750,277.5,279.2,279.99,272.05,233535,6414344336.0,2.87,0.87,2.4,0.55
2025-08-21,300750,279.27,279.0,281.8,278.0,182698,5103914720.0,1.36,-0.07,-0.2,0.43
2025-08-22,300750,278.93,287.18,289.35,278.6,264219,7543698627.0,3.85,2.93,8.18,0.62
2025-08-25,300750,290.0,290.28,293.88,286.78,312297,9046692965.0,2.47,1.08,3.1,0.73
2025-08-26,300750,287.02,289.5,290.99,285.58,230245,6648848315.0,1.86,-0.27,-0.78,0.54
2025-08-27,300750,289.0,278.3,289.54,278.19,382584,10859010299.0,3.92,-3.87,-11.2,0.9
2025-08-28,300750,276.06,277.41,278.99,272.72,304664,8407974991.0,2.25,-0.32,-0.89,0.72
2025-08-29,300750,278.31,306.18,316.66,277.95,780139,23482893636.0,13.95,10.37,28.77,1.83
2025-09-01,300750,306.5,304.0,306.9,299.3,429964,13012795663.0,2.48,-0.71,-2.18,1.01
2025-09-02,300750,304.03,302.87,311.1,299.03,371169,11289093082.0,3.97,-0.37,-1.13,0.87
2025-09-03,300750,303.5,309.0,311.65,303.03,508975,15640548986.0,2.85,2.02,6.13,1.2
2025-09-04,300750,313.47,304.03,323.33,300.63,657548,20442631453.0,7.35,-1.61,-4.97,1.55
2025-09-05,300750,299.9,325.11,325.11,299.82,708198,22440211715.0,8.32,6.93,21.08,1.67
2025-09-08,300750,334.0,325.37,337.65,323.5,588346,19349632049.0,4.35,0.08,0.26,1.38
2025-09-09,300750,322.8,320.0,334.58,317.16,434024,14085497657.0,5.35,-1.65,-5.37,1.02
2025-09-10,300750,317.99,316.04,322.0,313.0,367527,11649703595.0,2.81,-1.24,-3.96,0.86
2025-09-11,300750,315.55,322.55,322.98,309.04,380345,12060756826.0,4.41,2.06,6.51,0.89
2025-09-12,300750,325.9,325.0,329.9,322.2,338713,11031032652.0,2.39,0.76,2.45,0.8
2025-09-15,300750,346.01,354.7,371.52,344.02,718410,25586615240.0,8.46,9.14,29.7,1.69
2025-09-16,300750,356.11,353.42,359.0,348.5,377445,13325722241.0,2.96,-0.36,-1.28,0.89
2025-09-17,300750,356.8,377.1,381.88,354.0,543771,20113064234.0,7.89,6.7,23.68,1.28
2025-09-18,300750,374.59,366.89,380.0,360.8,518897,19308545613.0,5.09,-2.71,-10.21,1.22
2025-09-19,300750,365.0,368.49,375.71,361.72,339149,12515443886.0,3.81,0.44,1.6,0.8
2025-09-22,300750,370.5,370.05,372.72,362.78,285278,10474484764.0,2.7,0.42,1.56,0.67
2025-09-23,300750,368.0,368.15,376.96,360.0,348493,12813882349.0,4.58,-0.51,-1.9,0.82
2025-09-24,300750,371.0,379.93,380.0,366.06,383145,14311189086.0,3.79,3.2,11.78,0.9
2025-09-25,300750,376.6,392.85,402.59,376.47,466393,18251421707.0,6.87,3.4,12.92,1.1
2025-09-26,300750,392.02,380.4,399.99,380.0,362633,14106499741.0,5.09,-3.17,-12.45,0.85
2025-09-29,300750,386.34,397.37,399.89,386.01,389647,15381134070.0,3.65,4.46,16.97,0.92
2025-09-30,300750,396.0,402.0,408.88,396.0,330313,13278445666.0,3.24,1.17,4.63,0.78
2025-10-09,300750,399.98,409.89,424.36,399.74,412088,16989122538.0,6.12,1.96,7.89,0.97
2025-10-10,300750,401.0,381.95,403.8,379.01,533118,20684330795.0,6.05,-6.82,-27.94,1.25
2025-10-13,300750,362.86,374.5,384.6,362.86,471510,17618650276.0,5.69,-1.95,-7.45,1.11
2025-10-14,300750,381.0,358.0,385.8,355.77,496399,18319370880.0,8.02,-4.41,-16.5,1.17
2025-10-15,300750,358.5,369.3,369.71,354.76,369934,13383852916.0,4.18,3.16,11.3,0.87
2025-10-16,300750,367.5,368.5,373.9,364.5,276295,10185159269.0,2.55,-0.22,-0.8,0.65
2025-10-17,300750,367.5,358.14,375.0,356.99,319058,11588825855.0,4.89,-2.81,-10.36,0.75
2025-10-20,300750,365.0,366.5,368.89,359.53,284324,10372513059.0,2.61,2.33,8.36,0.67
2025-10-21,300750,373.0,375.9,381.35,363.1,446329,16784956526.0,4.98,2.56,9.4,1.05
2025-10-22,300750,375.9,372.86,378.88,368.2,219459,8178934535.0,2.84,-0.81,-3.04,0.52
2025-10-23,300750,373.8,376.45,378.8,369.0,239981,8982628026.0,2.63,0.96,3.59,0.56
2025-10-24,300750,379.97,385.77,387.8,378.0,320416,12276721104.0,2.6,2.48,9.32,0.75
2025-10-27,300750,393.0,386.18,393.0,376.57,404510,15542852577.0,4.26,0.11,0.41,0.95
2025-10-28,300750,386.16,386.48,393.8,383.02,287083,11160796766.0,2.79,0.08,0.3,0.67
2025-10-29,300750,386.0,400.0,400.04,384.7,344740,13644645225.0,3.97,3.5,13.52,0.81
2025-10-30,300750,405.98,398.29,409.08,396.83,343061,13797530228.0,3.06,-0.43,-1.71,0.81
2025-10-31,300750,398.0,388.77,406.8,388.2,340484,13515773431.0,4.67,-2.39,-9.52,0.8
2025-11-03,300750,387.0,386.86,391.91,375.77,263682,10106566781.0,4.15,-0.49,-1.91,0.62
2025-11-04,300750,383.06,378.95,386.5,374.0,239391,9091842152.0,3.23,-2.04,-7.91,0.56
2025-11-05,300750,372.85,388.7,393.0,372.0,311425,11937586811.0,5.54,2.57,9.75,0.73
2025-11-06,300750,390.0,394.68,399.49,388.7,234475,9261688311.0,2.78,1.54,5.98,0.55
2025-11-07,300750,393.5,395.37,397.51,388.88,165549,6516185370.0,2.19,0.17,0.69,0.39
2025-11-10,300750,398.4,384.51,400.31,383.32,238960,9267204047.0,4.3,-2.75,-10.86,0.56
2025-11-11,300750,386.0,385.6,394.77,384.5,193032,7500041113.0,2.67,0.28,1.09,0.45
2025-11-12,300750,390.78,386.38,392.99,383.98,212998,8261238196.0,2.34,0.2,0.78,0.5
2025-11-13,300750,385.05,415.6,421.3,385.05,562654,22945441956.0,9.38,7.56,29.22,1.32
2025-11-14,300750,407.0,404.12,414.6,403.88,241721,9879119548.0,2.58,-2.76,-11.48,0.57
2025-11-17,300750,388.0,390.78,392.4,382.5,476855,18542294255.0,2.45,-3.3,-13.34,1.12
2025-11-18,300750,389.0,385.0,398.63,381.0,395658,15353867656.0,4.51,-1.48,-5.78,0.93
2025-11-19,300750,385.5,391.1,398.44,384.96,292667,11462348543.0,3.5,1.58,6.1,0.69
2025-11-20,300750,394.9,379.39,395.0,377.01,336743,12895238922.0,4.6,-2.99,-11.71,0.79
2025-11-21,300750,375.0,370.0,383.0,370.0,316313,11850710342.0,3.43,-2.48,-9.39,0.74
2025-11-24,300750,373.8,370.55,374.9,367.18,228458,8464724008.0,2.09,0.15,0.55,0.54
2025-11-25,300750,375.0,372.36,379.66,370.59,206332,7733117131.0,2.45,0.49,1.81,0.48
2025-11-26,300750,375.5,372.82,375.5,370.07,189107,7048903988.0,1.46,0.12,0.46,0.44
2025-11-27,300750,373.0,371.2,378.88,370.0,222003,8289124681.0,2.38,-0.43,-1.62,0.52
2025-11-28,300750,370.5,373.2,375.48,366.16,203403,7542337298.0,2.51,0.54,2.0,0.48
2025-12-01,300750,374.76,382.97,382.97,374.03,267510,10120862870.0,2.4,2.62,9.77,0.63
2025-12-02,300750,383.5,380.08,384.98,377.4,163485,6220569501.0,1.98,-0.75,-2.89,0.38
2025-12-03,300750,380.09,376.08,383.37,375.0,139911,5294871742.0,2.2,-1.05,-4.0,0.33
2025-12-04,300750,379.19,383.35,383.6,375.15,191658,7299943081.0,2.25,1.93,7.27,0.45
2025-12-05,300750,387.2,389.09,389.31,382.0,232916,9004580815.0,1.91,1.5,5.74,0.55
2025-12-08,300750,390.43,392.5,395.38,385.5,216598,8476698700.0,2.54,0.88,3.41,0.51
2025-12-09,300750,391.5,387.59,392.26,386.0,186918,7255076087.0,1.59,-1.25,-4.91,0.44
2025-12-10,300750,385.05,382.38,388.0,377.26,194334,7399361240.0,2.77,-1.34,-5.21,0.46
2025-12-11,300750,384.9,388.99,398.86,383.38,282154,11089031994.0,4.05,1.73,6.61,0.66
2025-12-12,300750,392.0,391.8,393.39,385.5,240020,9355490916.0,2.03,0.72,2.81,0.56
2025-12-15,300750,391.5,385.5,394.97,385.21,182750,7099251459.0,2.49,-1.61,-6.3,0.43
2025-12-16,300750,386.0,378.41,389.08,378.03,191217,7292054834.0,2.87,-1.84,-7.09,0.45
2025-12-17,300750,376.45,383.42,384.5,375.06,222574,8453303233.0,2.49,1.32,5.01,0.52
2025-12-18,300750,379.57,372.0,380.95,370.01,296393,11079385459.0,2.85,-2.98,-11.42,0.7
2025-12-19,300750,374.08,374.0,377.68,370.8,175599,6572807889.0,1.85,0.54,2.0,0.41
2025-12-22,300750,376.0,371.84,377.99,368.1,254935,9489773616.0,2.64,-0.58,-2.16,0.6
2025-12-23,300750,372.0,378.1,380.5,371.6,236041,8879315764.0,2.39,1.68,6.26,0.55
2025-12-24,300750,378.08,375.6,378.08,372.0,210884,7902857946.0,1.61,-0.66,-2.5,0.5
2025-12-25,300750,374.21,373.01,374.21,369.12,203431,7559336244.0,1.36,-0.69,-2.59,0.48
2025-12-26,300750,372.96,374.43,378.0,370.1,257237,9616116052.0,2.12,0.38,1.42,0.6
2025-12-29,300750,374.0,369.31,374.43,368.0,241241,8924502782.0,1.72,-1.37,-5.12,0.57
2025-12-30,300750,367.1,369.2,371.0,366.56,190308,7014015793.0,1.2,-0.03,-0.11,0.45
2025-12-31,300750,369.79,367.26,372.0,367.15,160266,5920431545.0,1.31,-0.53,-1.94,0.38
2026-01-05,300750,370.0,377.5,378.0,368.19,336881,12583419573.0,2.67,2.79,10.24,0.79
2026-01-06,300750,380.0,373.99,380.5,369.04,341477,12764795666.0,3.04,-0.93,-3.51,0.8
2026-01-07,300750,372.95,371.01,375.48,368.49,262285,9730943679.0,1.87,-0.8,-2.98,0.62
2026-01-08,300750,368.0,369.21,373.33,367.0,269590,9962397479.0,1.71,-0.49,-1.8,0.63
2026-01-09,300750,369.17,369.23,377.63,367.01,314772,11681035309.0,2.88,0.01,0.02,0.74
2026-01-12,300750,368.0,361.68,368.0,351.66,488307,17505537198.0,4.43,-2.04,-7.55,1.15
2026-01-13,300750,366.25,359.0,367.77,357.0,296709,10745692370.0,2.98,-0.74,-2.68,0.7
2026-01-14,300750,360.03,353.98,361.22,351.71,380834,13553362724.0,2.65,-1.4,-5.02,0.89
2026-01-15,300750,352.75,353.75,358.28,351.8,323709,11474019059.0,1.83,-0.06,-0.23,0.76
2026-01-16,300750,357.99,352.32,361.72,351.51,319818,11350569563.0,2.89,-0.4,-1.43,0.75
2026-01-19,300750,351.47,348.9,355.34,345.33,338643,11842421263.0,2.84,-0.97,-3.42,0.8
2026-01-20,300750,350.0,349.6,356.91,347.9,354406,12466608900.0,2.58,0.2,0.7,0.83
2026-01-21,300750,351.94,349.81,357.69,349.0,393936,13919426404.0,2.49,0.06,0.21,0.93
2026-01-22,300750,351.03,345.8,353.73,339.5,459948,15851213229.0,4.07,-1.15,-4.01,1.08
2026-01-23,300750,348.01,347.0,350.0,343.25,339761,11775914385.0,1.95,0.35,1.2,0.8
2026-01-26,300750,352.02,342.05,352.55,341.21,332914,11468681279.0,3.27,-1.43,-4.95,0.78
2026-01-27,300750,344.89,339.4,344.9,334.02,322949,10953698562.0,3.18,-0.77,-2.65,0.76
2026-01-28,300750,337.88,339.99,344.0,333.01,463082,15638344008.0,3.24,0.17,0.59,1.09
2026-01-29,300750,340.5,341.89,345.16,338.16,338444,11569006794.0,2.06,0.56,1.9,0.8
2026-01-30,300750,348.4,350.0,353.76,344.1,486501,17048600000.0,2.83,2.37,8.11,1.14
2026-02-02,300750,357.0,348.98,357.99,344.13,391917,13766144457.0,3.96,-0.29,-1.02,0.92
2026-02-03,300750,349.0,347.91,352.8,343.5,265163,9220045792.0,2.66,-0.31,-1.07,0.62
2026-02-04,300750,350.96,365.03,366.65,347.51,485317,17369398061.0,5.5,4.92,17.12,1.14
2026-02-05,300750,365.77,362.94,366.75,356.02,284272,10268243283.0,2.94,-0.57,-2.09,0.67
2026-02-06,300750,359.32,369.11,372.88,358.01,393726,14514523059.0,4.1,1.7,6.17,0.92
2026-02-09,300750,370.5,368.82,372.5,362.6,274486,10080946318.0,2.68,-0.08,-0.29,0.64
2026-02-10,300750,365.17,364.97,370.8,364.0,185635,6798020174.0,1.84,-1.04,-3.85,0.44
2026-02-11,300750,366.9,368.0,370.99,364.5,196535,7239804070.0,1.78,0.83,3.03,0.46
2026-02-12,300750,370.0,375.87,377.88,368.03,277546,10410892196.0,2.68,2.14,7.87,0.65
2026-02-13,300750,375.61,365.34,377.0,365.01,223145,8229700941.0,3.19,-2.8,-10.53,0.52
2026-02-24,300750,372.64,361.95,373.5,361.95,226951,8316534692.0,3.16,-0.93,-3.39,0.53
2026-02-25,300750,363.69,362.18,366.6,360.1,187166,6802110618.0,1.8,0.06,0.23,0.44
2026-02-26,300750,356.05,346.0,358.2,343.5,435414,15108143010.0,4.06,-4.47,-16.18,1.02
2026-02-27,300750,347.12,342.01,348.94,342.01,254466,8775054149.0,2.0,-1.15,-3.99,0.6
2026-03-02,300750,341.0,340.22,344.9,336.68,283513,9643254983.0,2.4,-0.52,-1.79,0.67
2026-03-03,300750,346.33,344.07,354.35,344.03,400075,13919957237.0,3.03,1.13,3.85,0.94
2026-03-04,300750,341.1,338.9,342.02,334.2,250804,8468604901.0,2.27,-1.5,-5.17,0.59
2026-03-05,300750,344.58,350.25,353.85,342.66,310061,10819502021.0,3.3,3.35,11.35,0.73
2026-03-06,300750,349.0,354.77,357.02,344.66,209631,7388868682.0,3.53,1.29,4.52,0.49
2026-03-09,300750,348.84,357.5,359.85,345.06,317976,11217996825.0,4.17,0.77,2.73,0.75
2026-03-10,300750,375.0,376.3,379.77,366.5,507417,19049080512.0,3.71,5.26,18.8,1.19
2026-03-11,300750,379.58,396.8,403.55,378.98,575987,22642696276.0,6.53,5.45,20.5,1.35
2026-03-12,300750,400.0,395.5,400.9,392.7,291504,11537671606.0,2.07,-0.33,-1.3,0.68
2026-03-13,300750,393.88,397.0,403.99,393.8,355826,14201304444.0,2.58,0.38,1.5,0.84
2026-03-16,300750,401.77,408.4,413.17,398.0,373521,15195015004.0,3.82,2.87,11.4,0.88
2026-03-17,300750,415.78,405.0,420.0,404.56,359807,14787230789.0,3.78,-0.83,-3.4,0.85
2026-03-18,300750,405.36,402.02,406.0,396.77,265300,10653633584.0,2.28,-0.74,-2.98,0.62
2026-03-19,300750,401.94,400.5,414.0,400.0,292866,11867380765.0,3.48,-0.38,-1.52,0.69
2026-03-20,300750,405.08,413.0,422.08,400.13,537297,22252017693.0,5.48,3.12,12.5,1.26
2026-03-23,300750,417.33,401.99,417.36,398.75,446141,18193336487.0,4.51,-2.67,-11.01,1.05
2026-03-24,300750,405.0,396.99,411.9,388.0,364105,14439124609.0,5.95,-1.24,-5.0,0.86
2026-03-25,300750,393.0,397.81,400.5,387.8,267528,10553996246.0,3.2,0.21,0.82,0.63
2026-03-26,300750,393.84,402.5,413.72,392.0,267637,10811439764.0,5.46,1.18,4.69,0.63
2026-03-27,300750,406.12,416.18,418.33,401.73,302580,12465856864.0,4.12,3.4,13.68,0.71
2026-03-30,300750,413.0,413.0,418.85,405.6,253484,10440376424.0,3.18,-0.76,-3.18,0.6
2026-03-31,300750,413.0,401.7,416.95,401.58,249256,10159878345.0,3.72,-2.74,-11.3,0.59
2026-04-01,300750,409.73,405.71,409.87,396.0,231701,9384266504.0,3.45,1.0,4.01,0.54
